mtime,AE,AN,AR,BI,BK,BV,CD,DE,DG,DM,DR,DS,DT,EN,EP,FJ,FS,FV,FY,GV,GW,H,HM,IX,LR,LS,MN,MP,NP,NR,RW,SV,SX,UX,V
2021-11-01T00:00,5271363,7461111,7581670,7108164,6410051,5695950,6969617,5853352,5913116,7087357,6926164,7097262,8076162,7164676,7752243,6722134,8219739,7803371,7378000,6391199,5685742,7773319,5738547,7270114,7383325,7878514,7153613,6492389,7525510,7996247,7487777,6209841,6217686,7799762,7076146
2021-11-01T00:05,7244654,6924857,7134981,8021871,5429365,7598975,5302764,6534622,5987695,7872813,6169640,9157964,8233613,7198519,7700361,6407866,7388182,9609370,7658395,6110700,7318784,6901166,6361698,7169691,7210602,7081066,6929808,6960692,7006652,6165852,8169326,6626134,8210028,7686411,7264044
2021-11-01T00:10,7853972,8999959,8906971,4562692,8496843,8150189,6400133,7832626,7931817,7448006,6872883,8343746,5950104,7447944,8222902,6222194,7663536,7008278,5650800,7776777,6733312,7480391,7627533,6854412,6948099,9168392,7388287,8681369,4651113,6399954,7792014,8136922,5311913,7032643,6870989
2021-11-01T00:15,7908939,8193202,7409584,7369454,6823551,7099731,9386732,6815861,6900619,7841143,6964793,8687780,6577030,8498902,8178890,7633793,6611675,7496212,7256895,7654477,6765512,6576955,8135162,6827839,7636775,6747349,8747506,7227702,6281162,5857384,6273953,8252717,6676427,6863530,10305351
2021-11-01T00:20,9000601,6979567,7307074,7789642,6566621,5972108,7485260,6866995,6785283,9041882,9020976,5449456,7377792,8341908,6191764,5798707,7518061,5422187,6655053,6501976,5840051,5086493,8150991,7472937,5969875,7172806,6473730,8073401,6530852,7633962,7699814,8544617,7147952,7907728,6486669
2021-11-01T00:25,7581125,7029828,6641084,7379162,5343218,4751805,7078464,7655693,6290765,7753368,5997294,7115810,8498641,6984343,6474628,5902074,8842670,8219421,7012623,6923286,8118789,7665814,5874664,6288374,8105937,6624606,6084022,7481057,6167385,5753595,8293809,6327059,3893244,8606657,8545943
2021-11-01T00:30,5985185,7552087,6740058,7699975,8163615,7407456,7594271,5735697,10637193,8639210,7141631,8545837,6682544,6589713,8171438,7484275,9115422,8023833,5800944,6682623,7241003,7393207,7581195,7939786,7837352,9313769,6282507,8117498,8231637,6854561,8557717,7361681,5341596,7973522,5658781
2021-11-01T00:35,8177477,7765199,7073132,6904228,8489886,6684103,7050715,7068845,8616852,7619873,6677606,9538691,7531464,7593303,7381001,6257690,6015080,6763281,9502030,7425627,8541231,7641732,7369910,7627344,7899465,8343356,6863495,6084364,5501883,7445512,6294384,8234332,8413081,7135376,6147797
2021-11-01T00:40,6412582,6761228,6671291,6959737,8767851,6406566,7096790,6623344,6876167,7123450,7637583,7079162,7413123,8130366,7420817,7544907,7440122,6165486,7137309,5602797,7408651,10120785,7555797,6864215,6752360,6967630,7888225,8620657,7126952,7566745,8318268,7040569,8104160,7856833,7851561
2021-11-01T00:45,7842165,6772005,9218836,9066290,6367417,7624303,6537454,7461939,5766152,8527769,7240303,7524460,7418126,8865375,6445032,8045585,7356783,8077792,7316602,7374995,8627921,8367331,6011125,6098125,5876093,6144078,8269557,5814389,7028418,7896112,7011258,7986459,7959222,5717106,6894463
2021-11-01T00:50,8005207,6132886,7047775,8329546,5778767,7440638,6466696,7846123,7255271,6748921,7808456,7482177,8798291,5966216,6011468,7302676,7304984,9411603,7450920,6029087,8230090,7271820,7194110,6997404,8165008,6548707,7404987,8838618,7747174,7798269,7218460,7168145,7826888,8151682,7023455
2021-11-01T00:55,6747754,7644071,5377424,6545736,7862907,4256082,7023320,7647701,7926598,7872882,6581280,7338642,7183660,7798828,9197232,6825784,7701195,7817430,8377126,6478200,6938413,6446734,7313856,5636389,9057653,7644468,5532002,8587565,6419742,6544535,8806343,8583494,6710427,7266682,6407107
2021-11-01T01:00,6661411,7126352,7122275,6898590,7735228,8677352,6296783,6135367,7171506,8875188,7507773,7915889,9705983,7802789,7096441,6048300,7684767,7098144,6740453,6386424,7706759,7285640,7684933,6338405,6922751,7712986,8040728,7469840,7115033,7010700,7405977,7418599,8284182,7021436,8903302
2021-11-01T01:05,6481957,6132721,5507539,7581703,7535860,6145025,6616856,7471397,7869034,8166943,7346056,6416181,7047862,7296564,7024879,6919976,8205839,7543442,7989037,6437102,6961252,6334577,7620600,6821613,7744139,5899488,6798581,8847322,7388819,10884256,8074521,7423244,10471870,8083541,6746638
2021-11-01T01:10,9249952,6115453,9306101,8331387,6310143,7192641,6041523,6903419,6037690,7860837,7687803,7659905,6849634,8135893,7835481,7422661,9020540,6682951,6668345,6863666,5729777,6032859,7531928,7296844,7843096,7115388,7990710,7100663,7812343,5872706,7374292,6988781,7599103,7272528,7560492
2021-11-01T01:15,6797490,6487186,5060794,7648300,7442274,5239819,7716246,6186161,6861324,8556284,6794183,5736959,6198084,6592574,7234287,7718435,8096400,8037141,8429343,5999633,7572185,7150959,7907242,7698535,9273710,7788911,6981349,6778675,7120089,7787323,8814689,8655520,8452630,6884805,9517961
2021-11-01T01:20,7593364,6555680,7262819,4975785,8253086,8884134,8318630,6593824,8826559,8582565,7342886,9015806,7056067,7582939,7741711,7803949,7808007,5185363,5948139,6795183,6719151,7619223,5692871,6427470,5406547,7726775,7107185,7256374,5809092,7873789,8520134,7048350,5263563,6426957,7010625
2021-11-01T01:25,6933925,8928388,5961188,7389180,8062250,6803896,7375103,7188377,7509834,8019073,5196017,7154864,5506112,6634877,7964521,5895803,6513534,6697721,4092298,8068373,7117810,5856420,7387775,7091393,9760745,7132852,8098017,7515959,5826736,6222516,7234088,7790244,9442845,8006857,6503122
2021-11-01T01:30,8060043,6727251,5619167,7071218,7196585,6761355,6350760,6701499,6456001,5868114,5684674,7464562,7324968,5392931,9491825,8007907,6916121,8078338,6806468,5580540,5875816,7906384,6908569,6391744,7498246,7554741,7341665,5844189,6343047,7457205,7567343,7587637,7542400,6381069,7187686
2021-11-01T01:35,9065875,6267183,8513115,6514295,7026463,7395675,7940248,5714459,7586231,7100519,7422084,6426068,9205165,7316363,8296414,8478362,7251437,8069688,7313841,7686342,5005063,7605999,6762266,5599015,6555071,9084174,9425250,8472535,6837984,6436613,9786546,6226670,6231985,7610337,9350075
2021-11-01T01:40,6628496,7397527,7822023,5614296,7429249,4113425,7537556,6311870,6969323,7697585,6955987,9190350,6704828,7284667,6047704,5752129,6006984,7714252,6467565,8305030,7874327,6351450,9437452,8358558,6004344,8059898,5200611,7861784,6896168,7747190,7106197,7396630,7799697,5228125,5459714
2021-11-01T01:45,8537400,9572304,5614519,4997251,6477369,6139133,7465102,6155001,7257453,7315847,9006039,8868606,7849209,5410400,7877334,7522956,6280646,5009856,5209388,6858727,9240207,6676288,9026221,6183541,6468782,8149345,6395407,6726504,7719046,8792020,7228576,7591111,6269170,7025969,5534386
2021-11-01T01:50,8710978,6883863,7395863,5146193,8201394,7384944,6518165,7151590,8355881,6686122,7955899,5672341,6752599,6351907,6350245,6229813,7034187,6931550,6759423,5167277,6180888,8127279,7881029,6772431,8689478,7601146,7234044,8847402,5442215,5867624,5132863,6919599,8103398,9840061,7552668
2021-11-01T01:55,5072854,8282280,8226835,6372562,7162628,7671542,7433183,6520367,7655405,7466365,7589850,7920666,7031936,8581693,6686256,7219136,5396553,7070939,8239090,7679658,6939154,9255983,8295946,7144494,8080619,8280557,9090781,5868238,8408193,6506350,8339050,8063198,7133666,7462145,5327145
2021-11-01T02:00,9164960,7876038,6526037,8968074,7379909,8332701,7202515,8408694,8098889,8263149,9903692,5573408,7140677,8160923,6180867,6895762,7843883,5301243,8624291,8455146,6163532,7192075,6039527,6843205,7771364,6267989,6810095,7327066,7250870,5992328,8441217,8154272,7887155,7328374,6675270
2021-11-01T02:05,5579206,7348644,8753383,7232312,8680716,7744157,7120056,5380763,6211703,7596781,8883662,6684587,8756144,10386397,8196794,6610664,6971279,7400691,7346097,7215676,5568207,7961291,7980971,7380231,7465580,7612445,7552951,7591608,7886747,8281659,7383936,8056051,7263641,5980760,7607386
2021-11-01T02:10,7272067,8870048,8178496,6942467,7709116,7995269,6535842,6031370,7365891,7956075,7719047,7345706,5948211,6813576,6748785,6608724,7662193,8662260,8055806,7601354,8038840,8060293,6624809,9625460,7682270,6513501,9412633,8035466,5465176,8680349,7899430,6906564,8267208,9461437,8214195
2021-11-01T02:15,7953102,5715061,6874309,9391390,4945208,7936294,6713634,6240567,6150965,7590220,5710785,6931479,8770838,8071603,9045301,6560964,7226883,8950210,8960217,6029591,8713446,7891986,7056535,7575929,6487997,6699943,7395904,5738932,6644490,7426957,7005016,8358135,9651996,7786857,8002842
2021-11-01T02:20,8078734,6315196,7340228,7587801,8090464,6039245,7006514,6782301,9683711,7157981,6732982,6582476,7517739,7647944,9280863,7010635,7308226,6281820,8265606,5603856,8126187,6226440,6446836,6756603,8406518,7681895,6833743,9709746,7463261,7166805,7677510,9042849,9425802,6756365,7043649
2021-11-01T02:25,6089184,6819625,6873238,6494148,8013753,7076969,7883516,6622497,7054966,8875494,7054582,6010063,7352867,6875614,6401579,7923285,7712011,6593327,9154766,7787951,9100476,8812085,6232030,7272870,7352329,5897357,8775337,7140197,6134375,6115733,7481271,6092602,8843328,8769261,6354313
2021-11-01T02:30,6997541,6426820,7078601,7840317,6842622,8841319,6970142,7555190,6891280,6805140,6764087,8239818,5903641,8494460,5100454,6403389,7553026,7645154,7989198,7617547,6026525,6565348,5721306,7824554,7016209,7567732,8192365,6691302,8020290,7282422,7369963,7713795,7392027,8480632,7704589
2021-11-01T02:35,5619608,5523286,6849740,5327283,8147934,8037140,9029382,6164287,8179650,6687822,5777240,7577196,8588737,8138523,6978514,7296385,7309776,7084228,7295301,7858311,8422527,5483954,6349532,6983217,8351708,9479540,7579331,6561260,8258913,8136513,6608640,8179753,7238922,6400540,6686967
2021-11-01T02:40,6525310,8296756,6612819,6787835,7091048,8346709,9227962,8090422,7644622,7721762,4118924,8721938,7499185,8978011,7260545,7587207,6537474,6956755,7707958,8736893,8757540,7497585,6736991,7820538,7148533,8149754,7849180,6167138,8588460,8326483,7890127,7248619,8713323,8250829,7528211
2021-11-01T02:45,5819046,9274493,6266828,7594568,8420822,6863694,9401471,7627256,8048937,8544002,7497139,6439314,7108242,8382917,7493563,8366348,7834350,6294173,6080856,7359871,6302797,7200255,7768669,6370662,7907603,6960350,6602628,8410876,7734857,7768584,7071789,8170041,8775581,8248352,7198463
2021-11-01T02:50,6114716,6300415,6847532,6058553,7944973,9117948,7004682,8233663,8175501,7956588,7106855,8289915,7179498,8326059,8647610,8531911,8320039,6999786,6888790,7852664,5287084,7503721,9061881,9244618,4098456,8740208,5330182,6629980,5699474,7119240,8302436,7552062,10059364,7434121,10012811
2021-11-01T02:55,8476890,5301307,7032572,6265409,7447130,6657018,5795851,5790914,7442857,8304798,8869804,6917244,6055899,8463874,7097182,9969575,10620719,7407995,8074496,7621273,4894170,7151207,7884231,8229881,8241925,6967378,8690026,6744626,7874056,7991982,8059776,9199901,8737609,5148155,4754906
2021-11-01T03:00,8117852,6841244,6516361,9755523,7159802,8004651,8157743,7915664,6693034,7166801,8021588,6435148,8182950,6508414,6993764,10208731,5973595,8712007,6813420,6749903,8425624,6551581,7926124,6048509,5488894,7170133,6739046,7414637,7686650,8955534,7602818,8327848,7381038,7537240,8300333
2021-11-01T03:05,6489719,7805403,7428098,7233979,6051900,8692217,8640766,7326613,8925731,6577830,7862530,7538054,9476102,7129111,6475625,7961264,7870540,7456921,6080573,9017640,8060180,8234190,7596876,6313986,5695322,7900845,7371511,5889750,7840568,8584195,7900284,8693580,4947593,7405970,6789096
2021-11-01T03:10,7407544,8595286,8336665,7646111,9260460,7073535,7624323,5677757,6347877,6187436,8072202,7400421,7110645,6329334,7026901,7085255,6409668,7075241,6560228,6269855,6793883,7304905,6581842,7884540,8000843,7298530,6470627,6461804,8827309,7175315,7543580,8276910,6329412,7855203,6019927
2021-11-01T03:15,7132541,8423551,8294652,8283867,5320330,8457360,7292177,8490584,6907506,6832351,7000172,6856368,7461196,7097864,8623793,7474004,8284333,7848685,7534771,7092469,6526940,9002967,7652514,7484566,6942516,6025274,8477689,6756322,6716200,6510523,8311937,8554779,8190567,6656019,7335742
2021-11-01T03:20,6549236,7890106,8388653,9178443,6374557,8225734,6480265,6637665,8789361,8224904,5585174,7024784,6539630,8039569,7504353,8332873,7857888,6449795,7854848,7456477,8145863,6068570,7822338,6218789,8201727,7866319,7915261,5986446,7697354,6498805,8666558,7361952,7793139,6800734,6849951
2021-11-01T03:25,6249656,7804523,8812134,7056784,7045258,5545774,6341357,9183985,7038468,8282105,7176202,8537795,8707753,6114572,6314969,8211725,8122050,7324457,6272071,6420001,6614159,7219905,8393150,7682824,7277240,7060846,6215925,7433529,8446049,7607598,5971778,7006385,8305966,6988905,6477410
2021-11-01T03:30,9241216,9308356,6802835,5889831,5639585,4473076,7441801,5008889,7193879,6024230,7096065,8880576,7120468,5856339,7729280,7569016,7594440,6758093,8367838,6937029,7005522,5958199,7851369,6366230,6848978,8745400,9461394,8330688,7921520,9790472,10047906,7609244,6787403,7144180,7162662
2021-11-01T03:35,7851277,5887806,7434498,5934882,8966458,7937621,7856592,7448914,8667511,9257314,8018032,7013792,8510862,8527060,6258112,6228099,9798328,6228169,7551384,8671130,7484493,5934750,5727550,5393758,7049249,9495332,8917824,8983995,7988741,8259893,4982817,6807292,9405450,8903214,9240969
2021-11-01T03:40,9048832,8252742,6896712,8576797,6322668,6700747,5502109,6755463,7097228,6864861,7727721,6172792,7859762,6265738,7929608,7889447,8024760,5768044,7683779,8140217,8555719,6512926,10254375,7935771,8779773,7105222,8203519,8532997,7826886,7836919,8068313,5380743,7003987,9950427,7839142
2021-11-01T03:45,6324770,5842947,7402684,9820608,5708067,7224311,7106789,8253072,6141160,7438057,6491265,6755769,5251713,6785302,7126155,7138368,7032713,7907870,6562533,6695822,7400206,9472435,8911696,8170631,6893996,7104517,6311191,7908578,6418119,6544579,6519924,6322523,6399183,5682032,6431671
2021-11-01T03:50,7219677,8095667,7491884,6289698,6818998,7508472,5750454,7469275,7656870,7145941,4871662,7908079,6471608,7189768,6339630,6206549,6357092,8722024,7192791,5942029,6860773,8611419,7694006,7452375,7487761,7418895,8557250,6296524,9349455,6877281,8023043,5679104,7374514,7420471,7475796
2021-11-01T03:55,6440355,6706249,7943102,9000075,7029342,5287243,6991176,5831415,7600019,7396189,8609502,8463463,7872056,6674290,10082314,5240615,7620307,8167041,7051177,8393828,7079819,7530029,5995685,8767634,6846746,6422833,9358654,6487205,7376774,6367645,8525172,5935684,7787945,7406594,7266428
2021-11-01T04:00,6866695,9143606,7252695,9965094,8165786,6286943,7856616,10045006,6940240,7147431,7912572,6201136,8454480,6777521,6588823,6595548,6814704,7606992,7205865,7199659,7792988,6413997,7645729,6252654,6717374,7443780,7325828,5643541,5500121,7121060,6351103,7789816,8219946,9863260,8527695
2021-11-01T04:05,6614766,5872376,7424169,7210530,8407808,6621121,9086562,6563068,7222097,7609466,7703291,6316627,6675870,6891029,7954022,7340510,5352289,8218733,7904620,6699033,6704140,7714946,7293977,7313019,6976155,8788325,5864593,6659002,8137677,6138577,8096127,7602349,8357884,6348153,6623178
2021-11-01T04:10,7683441,8580025,8057283,7150834,6826758,9177565,7895123,6289720,7576414,6452730,6688922,5829787,6099002,7167257,7296095,7203341,7199544,7643071,7624188,8756775,7185251,7837724,8644496,6214318,5888529,6631280,5923509,6696270,8740249,6681510,7683341,8331029,7869248,7760029,6930686
2021-11-01T04:15,6326242,7120310,9968015,7476174,7430197,8758043,6240884,6026997,6905851,7702774,7944039,7916228,6563772,6908862,6658954,5858642,6385758,5250362,6908804,7895622,6722054,7301343,7639772,7536662,7092698,6919570,6158667,6839207,7278810,6085773,8542187,5909540,7125477,7347210,7019635
2021-11-01T04:20,6408560,9261141,7860382,5950159,7561366,9396201,7354769,6440170,7773108,7446034,7921758,9314957,6786862,8167452,6687264,8227495,7842020,7229655,6277022,6486152,9397415,6513987,7762834,8038502,8020012,7266211,7124456,7467283,8540398,8287331,8561579,7976681,7637478,7499969,9127156
2021-11-01T04:25,8193117,8375851,6328681,6402288,6732309,7827029,6549507,7142750,7661808,7659620,6947953,7599739,7269906,7737053,9912208,6677886,7313534,7272317,7250902,6241614,8114435,7179844,7871319,7656123,5709307,6119213,9637584,8162416,7648850,6822205,8751286,9272408,8094706,7330587,6489166
2021-11-01T04:30,8633318,7527330,7921653,8032618,7442819,8318915,8304958,5447061,6774349,7532665,7078276,7090006,8277910,6603457,6557315,8632363,5880276,8736251,6931228,8138454,8266755,6346058,5945931,7450980,6301079,8053145,9739671,5678459,6776726,6027273,6427092,7778715,9076061,7548390,6622221
2021-11-01T04:35,8178773,6649820,8075843,6822179,5640841,6666655,6438258,7517161,8418548,7513450,7102020,7987630,6050761,10201713,8887814,8047704,6649645,7881126,7505480,6846306,6578133,8710327,8181697,6936369,6733035,8473935,8432609,9890553,8783062,7833447,8496280,6933149,9974987,4196087,7104713
2021-11-01T04:40,6915904,9163600,6792021,8215272,7195102,5946520,7045720,8780852,6617501,6315594,9048424,6456625,8413248,6076192,6783326,6828415,5878500,6757584,8632790,8552560,7372447,7770762,6051828,7131442,6508848,8697515,7135971,8718617,8440223,8948204,8069949,6975463,8352639,9224572,8757987
2021-11-01T04:45,7740908,6248228,9167759,6995947,8409781,9586823,8079621,7621652,6575710,6326030,6427133,6743070,7264656,7300219,7027169,6596815,7346479,7989986,7964185,7573295,7453823,8134367,7018896,6722896,9589393,6118041,5881965,7745526,6516430,9031223,5575934,5775133,6692475,9096704,8606116
2021-11-01T04:50,6013323,6612454,7724973,6903016,5635132,6460582,7809867,7405632,9082995,7233025,8509464,7182425,6375770,7812592,10335520,8119739,7808079,8558658,6885109,6310646,8374340,7927500,7494946,5902210,5151558,7204176,9309434,7071688,7216053,7226114,7313197,8287647,5224385,8071678,5287867
2021-11-01T04:55,7236986,8165316,7525615,7914270,7298132,8385469,6904033,7964012,7795634,7542102,9371039,8709228,6345696,9022841,7497988,7514201,9013874,5720628,7236669,6270057,6871251,8834660,8532199,8147402,7402799,8091089,6377084,7892479,7348779,8732413,7075222,7840446,7516920,4789456,7258527
2021-11-01T05:00,8926513,7555639,6450718,9100601,7762356,7461779,7348476,7561496,7268252,7172619,8441106,6873094,8409432,8333843,4908883,7135463,8860865,6903886,5795682,7667132,8309675,7798128,8348802,8935441,8528283,7782046,6864335,6270307,7563064,7287416,7379400,7782485,6342217,8134140,7909012
2021-11-01T05:05,4762314,7764088,7875372,7873946,9716445,5360345,5521123,6250561,6059906,6218650,7180742,6528904,7526432,7353164,7432061,5524563,7483284,7150398,6914418,6744872,7312592,5307720,6552322,8038741,7181399,7048389,8215257,7789434,9216165,8817920,7933922,6401173,7525069,8549242,7014720
2021-11-01T05:10,7281939,7141952,7682336,5823771,8602910,7529080,7316156,7108303,7609954,7707175,6398468,8145419,6581225,6229873,8075687,7038098,7479104,6936165,6068293,7485710,8605772,8493781,7819540,8290857,6574121,7635365,8505374,8161144,9703978,6008808,8196686,6320862,7923004,9098819,6891812
2021-11-01T05:15,7917435,6575533,7331298,6947508,6996919,7015059,6870257,8128977,6150757,7043251,7900198,7419361,7361269,8743486,5566018,9437920,8351488,8037085,8898652,7623924,7881270,5091138,6473854,6562363,7109971,7659524,7502793,6538596,8272167,7642814,6499957,7626152,7126470,6500251,8988927
2021-11-01T05:20,7617795,6342068,7763283,7143449,8288223,6942295,8003327,5781885,5346937,5410919,5615928,7320351,7846702,8328034,5134743,9007781,6291203,6981360,6707690,10245284,6715616,8631561,6061585,5001445,7585593,7276712,9507121,6969788,7764492,8424992,7188531,7158079,8622996,4563608,7631728
2021-11-01T05:25,9570712,8163989,7640997,6146878,7186920,7477917,6279237,7444535,7236630,7257335,5303673,6405327,7401364,7448652,6255423,7960208,7317922,9897824,8908813,7161931,7093410,9104978,6248408,7617865,9105820,8782493,8449788,8063763,5645073,7901298,6675825,7258462,5046970,7282803,6460679
2021-11-01T05:30,6537869,6747400,8442389,8095421,9389154,7307476,6697528,6939197,7215331,9901268,5950115,8600753,8967571,7060406,7940712,6720559,7344330,7796936,8766633,7543452,7236470,8213833,5895098,7209044,7232363,5357652,6348643,10118152,8974523,7646249,8428599,6677146,8072863,8038459,4494792
2021-11-01T05:35,7380612,6488467,8747349,6910773,6918130,7690425,7326342,7511969,7215355,8029327,7837359,6413680,7210963,7121271,6238627,6222505,6565932,6964096,5055283,5144266,6996171,8337549,8201317,7253564,6656828,8234907,10048955,6452004,7518233,7206304,7326552,5531976,7115932,8154444,6499449
2021-11-01T05:40,9325100,7877851,9514155,7475445,7406485,7342264,7558398,7093807,5214903,7666615,6482309,7487249,7880239,6607125,9687301,7430444,9145201,5573478,6574690,7975682,7239842,7167309,6689620,5168451,6686974,7531798,5562870,6262295,6767151,5869006,8546317,8961587,7197019,6728650,5076044
2021-11-01T05:45,7748399,7834068,7349297,8007277,8534360,7752577,9199197,7812463,7151329,8487833,7442420,7043450,7289917,7503461,8377239,5047764,7894137,7478781,5814093,7937643,7763743,7424690,7682296,8166215,8783613,8115633,7736993,8832766,7520077,8224101,7587055,7418761,7754984,7972362,8031799
2021-11-01T05:50,9948952,8636441,8552973,6764009,8553141,7299650,6700291,8445137,7915972,7202520,7953169,7408292,8136353,6831577,6868818,9337893,5639845,8019695,9050796,6365963,7266835,8410451,7290971,6837864,7288003,9101723,7749863,7515732,6991129,6425041,8200811,8626732,6929934,8431515,6784631
2021-11-01T05:55,8613812,5471405,5959783,6348350,7413984,8553136,7322666,6651108,6388167,5781450,7640868,7725757,7801119,7787622,6663795,8515060,7887896,8090928,7963228,6183343,6194080,7051073,7231709,7932202,8062875,7036485,7530544,7052543,8061456,6959904,7944779,7288938,7454878,6285161,8897170
2021-11-01T06:00,6453439,8591812,6154743,5922126,8585888,7761325,5082123,7096439,6759444,7607807,6013449,6189207,8930666,6957388,6965863,6501290,6982044,5882326,7148478,7459014,7649399,5803465,8127682,7249506,8644521,7154324,8073413,7362316,5096924,6764834,7146174,5667883,7403462,8524010,7881159
2021-11-01T06:05,6424467,6658139,4738240,8189764,8518765,9338789,8901528,7419905,8484073,7390343,7381924,7433347,9427222,6735292,7746716,6514197,7156213,7016403,7753719,6135067,7574144,7306677,6475193,6344811,6687675,7347979,8178411,7222213,8749041,7460075,5339903,6238998,7846417,7840148,7558097
2021-11-01T06:10,7254059,7310398,6693170,7004546,7528050,8834295,5453340,8269999,6718422,7029580,7464081,6912914,6043203,6454355,6515228,6555286,7325635,7816943,8156561,7496788,8729281,8435583,9100248,7328100,7098045,7085119,6118779,7076990,8783649,6410394,7152481,9327519,7311704,9005104,7893533
2021-11-01T06:15,7347726,5764081,6820536,8389546,5734130,7531306,7370558,7893579,5551546,6434912,5546204,6145488,7151898,5998755,6347643,6227035,7222948,8487542,7398538,6794213,6572315,8507762,6212928,7304785,8807773,7651954,6825214,7341992,7447457,8727774,8411971,7608385,8273271,6899773,9066173
2021-11-01T06:20,6317004,5928622,8230486,6654464,7459040,8871035,7986278,8363917,6482291,6127087,8676751,7137793,8150034,6306176,5613855,7163101,7386496,7582553,6096872,8028192,6851188,8935351,7205063,7404726,8415723,7223282,6554772,7922126,7410832,6882047,8352690,6219831,6916651,5383339,5794570
2021-11-01T06:25,7693366,7470330,9846555,7918926,6361064,6804753,6785235,6625287,8424874,9742733,5405971,7310893,6217702,8057188,8287611,7296863,7366911,6584693,8316037,7805279,7922839,5632343,6109647,5839217,6899121,8532033,7549875,8335660,7674539,8849727,9942521,7592866,6590261,5392646,7943994
2021-11-01T06:30,8021862,7650726,7073745,9527391,8353063,9237771,7372640,6832047,7291363,6645847,8882219,8090470,5994611,8098248,6938536,9204417,8689999,8435961,6020087,8052788,8059432,6773970,7776975,8013128,7111839,8540564,8821685,6789105,6692667,8706122,6694797,8048505,6805632,7164397,7942441
2021-11-01T06:35,6731636,7730092,6639655,6912491,8509974,5881536,8001894,6142466,6911973,6836374,6095846,7357690,7124610,7300666,7490839,7504113,8918182,8681868,8386502,7586530,6368269,6964369,8450925,8296232,7722873,6968173,7291460,6645300,6111888,7384938,7074314,6288350,7235400,6885789,7208463
2021-11-01T06:40,8470016,8144672,7628134,7639601,6773722,9018636,7288233,5795225,7310632,6158041,6699487,7815203,6708145,6317447,5676976,7337168,7489648,6685437,8471107,6854011,7907725,7686156,9602446,8123725,5867694,7316348,7068397,7298078,8047689,8114384,6459927,7349694,6987569,6445717,8189519
2021-11-01T06:45,8057083,8777666,7486970,7520718,6772044,6297458,7527884,7137389,9690859,7227590,8769489,7412342,5371746,6551392,7003237,7088180,6765420,6689048,8370343,8733577,7788573,8518123,8222404,6117621,6599821,7618202,6931425,5785214,8252735,6731512,8117481,6950269,7178764,8563627,6872190
2021-11-01T06:50,8134224,6774924,6984663,8672324,7980230,7322596,6280741,5963697,8185590,7573164,6479538,8865077,6734646,6359781,6260152,7215124,7779285,7566841,5850402,6910539,7710836,6071978,7227529,6785655,6884619,7880235,6081242,7831101,8196593,7305054,7163250,6472894,7694600,6951842,8687519
2021-11-01T06:55,8310588,7392528,7764841,7602390,6734235,7715518,9069799,6757424,8817894,7448640,7712739,8130613,6667389,8118118,8875066,6024579,7784643,6518612,5549469,9095412,8498102,6330662,7007048,7950577,7528561,5677072,7052012,5665979,8139023,5923622,7504905,7672448,8211247,6468112,6546000
2021-11-01T07:00,7642123,6629521,7425683,9112718,6722035,6302992,7204090,8647085,6464090,8690187,6645431,8945800,7355823,7541551,9071888,7522387,7251264,8824255,6980490,6492643,8657772,6974116,7076479,6928266,7627447,8896113,5891097,7861003,5772002,6182954,7332678,7124421,7241806,8129226,6807032
2021-11-01T07:05,9082170,8571985,5812900,8101423,7471746,6898859,8573245,7677996,5768947,8352286,7495319,9135719,7094854,6438144,6334098,7628099,6548491,4993091,7099797,8163472,9057476,7622619,6499828,8518819,8467894,7627296,7044953,6856044,8077299,9555823,6111575,7388325,7307937,6849829,7936917
2021-11-01T07:10,8542367,7870160,7079868,5994389,7194901,5372152,7732219,6742655,8112546,9269031,7358156,9177521,6241416,6442986,8201424,8318961,6499722,8353447,7188300,6487833,5863624,8100287,7465279,6366023,8933594,8164033,8187126,6587065,7017863,7104296,8312798,8039570,6806448,8510109,7963737
2021-11-01T07:15,7754681,7623937,6814456,7383895,8217208,5604426,8406932,7636655,7113673,7631935,8302234,7657087,7634463,8641537,5987211,5141069,7046755,8388781,6087285,7226548,8545995,9335886,10174506,7544803,5308442,7180432,8716316,7931377,8125026,7866015,8162048,7001837,6351659,6658172,4949752
2021-11-01T07:20,7349068,6459780,7667967,7336260,5048727,8923124,9507138,6962339,7764409,8376787,6711284,6233261,5664248,7346870,5554932,8446617,7923151,7313780,8410360,6053044,8138206,5599868,6273179,7591403,6794023,6674469,7783368,5837086,9423681,8861774,7983066,7578661,7313110,6768745,6929078
2021-11-01T07:25,6764095,8613628,5809752,7270814,8780221,7073451,8339661,5506459,6904442,7625124,7012404,8174178,7853400,9271271,7286873,9822022,7829079,7737044,7464647,7606568,8404185,6243112,8037234,8645795,7600393,6060196,7042512,6455730,8322169,7924286,6701076,8371914,8282718,6768247,6668984
2021-11-01T07:30,5566233,7944505,8016994,7472356,6915133,8774685,5246227,7657104,7927317,7896951,7096576,5436332,6128253,6946960,6878934,9096759,8058923,7538358,6168910,7247534,8465078,5248118,7729730,7908822,7335051,7969683,7097070,7384403,6774279,9490937,7977157,6858040,5661896,9340216,9113676
2021-11-01T07:35,7394106,6974228,7747492,8547271,7166176,7652007,7602997,6319434,7189070,8010002,6107904,8438027,7018603,6750340,8692647,7672175,5702714,7995342,5442525,6474650,6758165,7066297,5897049,7743070,8605172,8444296,7635211,6722468,8014947,7007721,7181908,4761659,6465937,9333117,6776404
2021-11-01T07:40,6912927,6602358,7867139,7630256,7536391,6741832,8279211,8312882,7620415,8781561,5218386,6950676,7495230,7704161,8308232,8058670,7600013,7378070,7926666,8338134,8030301,9913086,8784504,8376577,6352161,7191050,7930374,7736296,7306718,7611796,5016610,7625980,8912063,6772773,6381498
2021-11-01T07:45,8759897,7852363,6481523,7636462,6542118,7269768,7004528,8247903,7694387,7269724,7313409,7191361,7985026,6916213,6828398,7792520,7964771,7615870,8642949,8110698,6983967,6971484,6399158,9097296,7804983,7149970,9507247,7901399,7282425,8481569,6813079,6540047,6070460,6764522,7556250
2021-11-01T07:50,7987113,5882358,8488172,8048263,7454785,9170541,7058080,6174532,6190946,6745555,6539345,7553153,6271271,8219315,9057444,7846573,6687797,6632364,8050918,6713924,7780413,6367142,7561114,7876794,6135271,6726632,8480862,7377129,7770379,9991326,7324605,8175029,7531340,6796420,6489466
2021-11-01T07:55,6702911,7710582,6370744,7076960,6198908,5961672,5694276,5550613,7435013,5866535,5197148,8078014,8727703,6502856,9629150,5988987,7340271,8523607,7043488,5674107,6451395,7360917,5702070,6690378,7569675,7499579,8646919,6466675,8601373,6564539,6028273,9005763,7736310,8176438,7858813
2021-11-01T08:00,6521060,6969582,5253907,6957594,6773921,8883748,8288294,7996986,6463239,7618726,7588085,8647651,8506159,6355406,10010357,7573427,6718446,6274175,7634918,8655041,7770068,7326251,8091179,8862356,8168333,4972674,5953587,8295095,6743183,7919759,6188748,8275143,7300826,7638463,5775917
2021-11-01T08:05,6158322,7320680,6092803,7556356,7325810,7518281,7569876,9321900,6984924,6579796,4802930,7277154,9154160,7051273,6353288,7521439,6951857,7905989,6658843,7539452,7597697,9024120,6248229,6336732,7994996,5948747,6337018,8027990,4726665,5499925,5539192,6912287,6395701,7288272,6378404
2021-11-01T08:10,5577938,5463379,10187406,6997528,8217964,7708266,5543056,5398623,10622200,7389684,7975719,7921296,8794098,8004998,9366399,6482699,6830322,7563165,8037774,7609995,6680138,6789002,5435109,7065367,7776593,5562604,6278247,7035627,7180661,7704687,6641235,5885895,6409540,7306694,6366137
2021-11-01T08:15,6663290,7971218,6816857,8203331,6907863,7113942,5645390,7762334,7453296,6968158,9097000,7357141,8476777,7162096,5799573,6681358,8221197,8762789,9160548,7407051,6251993,8394781,7497055,7823851,5711224,9344840,5766357,7111117,5898099,6998405,7049419,5399653,7455894,6990229,7953341
2021-11-01T08:20,6979549,7011168,6962453,6388093,6518660,9252576,8438128,6401932,4911017,8270965,7825389,7333403,6875588,6385087,7145208,9318629,7775313,8358765,8086890,6320403,6377096,6142629,6533545,7324629,7054501,5568239,10191285,7264965,8475133,7876571,5955844,7026268,8274813,7580440,6524174
2021-11-01T08:25,7512602,6980228,5423696,8108265,7656686,7269801,7641324,6633090,8491050,10316787,6483313,7363675,7402502,7766542,4684326,7762683,8168315,7013988,8588257,6269153,7005221,5712354,7062841,7321902,8263202,9646081,8144952,6184761,7714466,7049349,7753244,7212570,7133416,6483883,7717111
2021-11-01T08:30,6998788,8175427,8760348,6222545,8330995,6801477,5311511,6578293,6052014,6650209,7022105,8473848,7970092,6777047,5857946,6511939,7538267,6994093,5858089,8720471,7992296,5918351,6523359,7531443,5555472,7882101,7064117,6118754,7275808,7269152,8912616,7269633,6398087,6715219,6682535
2021-11-01T08:35,6733134,5715397,6051621,7043219,7958859,7843682,8584037,8943397,7199255,7928147,7635467,6287546,6059145,8553381,7337518,6845196,7267478,6247748,8227176,9645057,6808332,8246995,6327750,7494245,7796443,4886784,7375385,7102055,8269122,8385189,6907825,7931027,6394486,5871687,8392685
2021-11-01T08:40,7131267,6769527,6712663,6871922,8690177,8473826,6171130,7012624,7287698,7619964,7716558,9180191,6459816,6955818,7897749,7210969,7117453,9212873,7697297,7974164,7773638,7753062,8091328,8627796,6221915,7754944,7570739,7116827,7544948,7800892,6850961,7060026,8013758,7127694,8099788
2021-11-01T08:45,6632660,5912826,5716675,4691675,7765294,9073570,8389286,7474408,9178465,8552860,8698530,5893862,7514073,7532992,6333430,7765162,8094526,7223873,7476623,7000657,9614379,8827292,8815448,7895782,7334098,8996482,8314707,7782069,7299386,9310309,5593832,7862762,7409493,7850761,7018358
2021-11-01T08:50,8634507,8302696,5622793,8060297,5763517,6327867,7801723,5209343,7526464,6874209,6878226,6483853,6708085,7317621,7526097,7128255,7905348,7841844,7104672,7814992,6907060,7133793,6093176,6995086,7870643,6454629,6974705,6246662,10265006,8263633,6506440,8945720,7551636,4510106,8744577
2021-11-01T08:55,8548691,7281763,7448311,7230934,7959244,6223503,7288833,7530916,5603068,6562466,7667011,7548797,6830732,7868296,7093980,8892886,6310870,8720278,7070583,6573129,7346954,9331154,7393533,8049027,7030779,7479583,6679653,6950417,9276019,6481200,8708759,6585273,6307002,6785875,8048555
2021-11-01T09:00,5986633,7066470,7510797,8221189,7578205,8188026,7488035,7409826,6461209,6052279,6700989,8747641,7275013,6203496,8450129,8226815,6887889,6305701,8698733,8160606,7646937,8468899,8577227,9367539,7528680,7653150,7309596,9420608,9569318,7653848,7881689,6466800,6810692,7103323,7534514
2021-11-01T09:05,6867440,6323141,8516636,7589913,5002931,7452761,8166024,7026407,4935682,8321289,9837777,5492927,5383693,6680296,7622367,6772872,5626406,8137083,8301681,9144639,6800669,6198924,7093920,5119073,8519977,8515047,6478713,8344887,6087250,7809428,6073522,8072748,6277202,5421568,7190084
2021-11-01T09:10,6985782,7684674,8997428,7094093,6446100,5605112,8511780,7775313,7312042,7976117,7722339,7257011,8615465,7658652,7204820,8336442,5856668,7346186,7788036,7124054,7522889,7524169,7319030,6931054,6241558,7227485,6729519,7629636,8076380,8831587,7812194,7299164,8148893,4828958,6437429
2021-11-01T09:15,8160198,6666904,7266877,6413857,8087281,6283038,7281580,6146256,5440739,5931372,8352654,8592357,8659608,7054317,7501109,7717617,7320975,7872287,6340230,7540806,7503875,6946083,6646978,8080961,7030030,7237273,6261679,8602838,6983689,8366203,9200370,6399978,8868965,6961075,6733467
2021-11-01T09:20,7282545,6029133,8525338,6200022,7217657,5296733,9099167,8045661,8289234,7579755,6790954,5334372,8614079,6305650,7248481,6441538,6678660,8445348,7026408,6287085,6825800,7827412,7933840,7381937,7143233,8503637,7681767,7309052,7851069,5552690,8756344,8754446,9469422,7840970,6365918
2021-11-01T09:25,7895710,8265278,6033986,7235393,6463439,7712262,6983827,7943420,7346516,8998405,7673538,7649504,8391624,6374460,6397360,8262349,6300547,6306266,7242149,6169892,7572219,7238542,6681780,7242692,7615927,7157821,7783741,7662253,7743962,5492539,6884127,6626907,7572747,7451838,7512610
2021-11-01T09:30,8786844,6288149,8954436,4776662,5434173,8451643,7119476,7465976,7510791,7408975,7958176,8435585,8187143,6141197,6468882,8323048,9327068,6314777,7500939,7663661,7711179,8584192,7305335,6335264,9281189,8255435,8045560,9299153,8173975,5679789,7911191,8077410,6069943,7146414,7118376
2021-11-01T09:35,8068234,7423586,8524005,7383610,6241908,9644641,6878765,7208469,7311790,8447954,6737818,6581787,4684972,6881422,6995149,8158327,7005171,6409961,7276021,6902704,6426194,9355251,6903760,7092921,8209689,7532639,10000724,8184245,9383867,6765627,6730647,8023827,7782919,8647036,8551140
2021-11-01T09:40,7070257,6965858,6566520,7713765,8486469,8158699,8129310,6410120,8416792,6647256,6019696,6575791,6931382,7404261,8534222,6646497,7513175,7629025,6047127,8999452,8877189,8364335,7467148,4277213,7063324,7070992,7650866,8416801,7071974,8093350,6983893,7032773,8053447,6250614,7394395
2021-11-01T09:45,7145239,6925395,7144908,7879268,7425083,6415501,8799616,7046221,6775903,6867532,8616116,7080880,8011763,7597236,6380331,6055140,6776960,6592556,5872530,8052746,6571976,6838009,6703857,9057357,6967448,7159647,8328769,6949303,5924910,8035361,8711462,8039516,5199680,8054909,6362578
2021-11-01T09:50,6852641,7882358,7415278,9220011,5719548,7756717,5973839,7983833,7176440,8813642,7991088,6710850,7360301,6848276,7704582,7754813,6298276,6816241,6254691,7386795,7139364,6916983,5363753,6893769,6189601,7394790,6586464,4690544,7894532,6999386,9061425,7363143,7919323,8132231,7809799
2021-11-01T09:55,7647417,9087849,5451198,8162229,6150668,6930337,7249592,7399983,8212535,7897965,7205220,8914656,6963488,6824722,5923948,6398024,6811128,6371938,6688410,8041943,7028845,6204044,8770818,5897978,6952528,8128968,8395075,7273624,8029437,6400279,8222839,7738141,6951625,6788011,7469891
2021-11-01T10:00,7440174,8302155,8012834,6160281,7695784,7435635,8495023,6268555,5366460,7700812,7801373,5971375,5395805,7666079,8122225,7003310,7980877,6289508,6141338,7744433,7666393,7283375,6881329,6370624,8659526,8064095,8268777,7146131,6418718,7986614,6778045,8658203,8124621,7416320,9681358
2021-11-01T10:05,6869370,8588393,8548398,9647541,8593413,7182822,7062197,8336569,7985934,8699560,6945410,8432643,6248814,6935938,7812621,6901269,7935796,7347757,6352999,7743771,8712281,6447147,8076609,9038913,6646883,8222698,8137857,5968824,7202998,7873047,6457819,7708624,7265891,8499182,8591972
2021-11-01T10:10,7063785,10520076,7532580,7695949,6698340,6908828,7752144,8157916,7274797,7407816,7302343,7342782,9943664,8412000,7305837,7977063,5631930,6089445,7001907,7872206,5989036,8695353,9328397,7382171,7202467,5855971,9004915,4911574,8909502,7641928,6484250,7453761,8030061,6841452,8166884
2021-11-01T10:15,7522310,8664134,7091862,6170909,5115627,8717021,6676963,8199032,7156852,7389344,8066097,7314220,8059651,5777339,8441624,7534943,8888975,6842856,7321730,7346742,7212018,6814089,6812170,8057772,6060761,7228980,8524662,9054764,7442581,6497929,7453646,7567113,6242320,7460017,7314642
2021-11-01T10:20,6020517,8183926,7104423,8709523,8691556,6924459,8555797,7946064,6602249,8519634,7735420,8371377,7628773,7936043,7053538,8034114,7639754,7352343,9189746,7855165,7754105,7612910,7635542,7118297,7226639,6566762,7344576,9513566,7972339,7281130,7232597,6700137,8568190,7669625,6615528
2021-11-01T10:25,9793070,7662665,7120283,7841993,7370833,8205093,7256072,6340591,7916561,7313983,7352115,9435153,7937761,7019242,9762335,6832350,6077094,6577017,5886213,6696543,8069957,9201721,7891166,8807716,6177522,6592202,6289652,8099447,7078644,8857688,8280552,7290815,7057497,8905651,6923740
2021-11-01T10:30,7600086,7733274,7402588,6511998,8336611,7639868,8189956,6299890,6242933,6724621,8942642,6595285,6607503,7701532,7247933,6169655,8439632,7923462,7950031,9328949,9312957,6898724,8005849,7570348,6597473,7917298,8101792,6628651,7261294,7752768,7891100,7487157,7876472,7096493,9136218
2021-11-01T10:35,6135851,7736749,7376265,10135398,6799187,7008361,5725693,6462632,7649478,7334214,7037267,7863369,6934332,7665349,7650300,6986869,8151389,7379360,6167465,9308960,5851168,7161818,7595592,7116153,8250502,7509952,6958930,6971338,6772555,7417892,8200814,5991797,6707597,7742978,7144548
2021-11-01T10:40,6598763,6078019,6435406,6588372,7002785,7668600,8055481,8939735,6782337,7759196,8029007,8154193,7683837,8544204,6055765,8092066,7816422,8912480,8599421,5994994,7862046,6549293,7489539,6478785,7982510,9188215,8917822,8438029,7337968,7193868,7688901,7980665,8498926,7385906,6915562
2021-11-01T10:45,7938159,7665152,5713055,7221376,7043304,6736166,7349132,4994262,7050328,6712107,6540047,7077602,6608991,6885721,6914073,7011844,7750794,6676990,8729537,8696494,6899400,8564822,7027455,6020894,7042804,6257169,7768452,7464349,7834348,8460892,7341194,6783552,8352360,7186945,6934452
2021-11-01T10:50,7721567,6957466,7448294,7550060,4618322,9153810,6878886,5730641,7002222,8008220,7751456,5919589,9124037,7840544,5651038,8212174,8622841,6620293,7946810,7276961,5161494,7420969,7436364,6186204,7815353,7358726,6297662,7147877,7019136,6431293,6753001,6222427,9190389,6353280,6243819
2021-11-01T10:55,9990202,8511041,7395000,7257247,7841003,6436867,6466640,8191171,6873924,8228161,7157111,7407567,7240669,7525688,7322695,8640550,6610414,6715560,7157249,6671096,7868922,6199088,6794727,7104654,8178803,8594692,7105544,7041018,7324006,5609775,8759285,8057337,7011922,7113135,9178267
2021-11-01T11:00,7142264,8553519,6204808,6907907,7676107,7476091,5821530,7808703,6711874,7242365,8553981,7973947,8788203,8089802,8879593,5532427,6384795,9559389,8913500,6649973,8054097,7031111,8818151,7974174,8107866,7920230,9371511,5535149,7336961,7015220,8666645,8935524,9171593,4950868,7226657
2021-11-01T11:05,6004261,6506834,7891652,7806259,8747766,6969654,7539836,7150594,8315301,6355263,7551374,6557548,9550999,6920311,8112761,7595079,8013055,6687829,6989724,7681075,6824704,6739935,7925646,5815795,6081469,6366394,9853323,7283551,8388240,8593658,7296033,8060506,7184578,7491708,7455729
2021-11-01T11:10,7128989,8009813,6752592,6840639,6245809,5391629,9355556,4989915,6521166,7853976,7884341,7001277,7015937,6281604,6417055,7273755,6699642,6011125,7259203,7917268,7722150,5503714,6145522,6373922,8475834,5631926,9543665,8437601,7244538,9924079,7048527,5645585,7509275,6611140,6758110
